{
  "snapshot": {
    "timestamp": "2025-10-26T06:51:45.115720+00:00",
    "run_id": "20251026_065026_huggingface_somali_c4_so_117ff7a9",
    "source": "HuggingFace-Somali_c4-so",
    "duration_seconds": 78.72173595428467,
    "pipeline_type": "stream_processing",
    "urls_discovered": 0,
    "urls_fetched": 0,
    "urls_processed": 0,
    "urls_failed": 0,
    "urls_skipped": 0,
    "urls_deduplicated": 0,
    "files_discovered": 0,
    "files_processed": 0,
    "records_extracted": 0,
    "datasets_opened": 1,
    "records_fetched": 30,
    "records_processed": 28,
    "batches_completed": 0,
    "bytes_downloaded": 0,
    "records_written": 28,
    "http_status_codes": {},
    "filter_reasons": {},
    "error_types": {},
    "fetch_durations_ms": [
      4,
      16,
      4,
      10,
      1,
      3,
      9,
      4,
      3,
      19,
      3,
      1,
      1,
      1,
      7,
      3,
      3,
      2,
      1,
      4,
      1,
      13,
      1,
      1,
      3,
      2,
      11,
      3,
      1,
      2
    ],
    "process_durations_ms": [],
    "text_lengths": [
      1403,
      7851,
      2042,
      6013,
      111,
      2090,
      6856,
      2897,
      2032,
      15312,
      2003,
      103,
      693,
      658,
      4344,
      2093,
      1697,
      1032,
      668,
      3002,
      3062,
      9770,
      443,
      980,
      2141,
      1213,
      12619,
      2446,
      897,
      2425
    ],
    "unique_hashes": 0,
    "duplicate_hashes": 0,
    "near_duplicates": 0
  },
  "statistics": {
    "fetch_success_rate": 0.9333333333333333,
    "fetch_failure_rate": 0.06666666666666665,
    "deduplication_rate": 0.0,
    "fetch_duration_stats": {
      "min": 1,
      "max": 19,
      "mean": 4.566666666666666,
      "median": 3.0,
      "p95": 16,
      "p99": 19
    },
    "text_length_stats": {
      "min": 103,
      "max": 15312,
      "mean": 3296.5333333333333,
      "median": 2066.0,
      "total_chars": 98896
    },
    "throughput": {
      "urls_per_second": 0.0,
      "bytes_per_second": 0.0,
      "records_per_minute": 21.340992797409985
    }
  }
}