{
  "snapshot": {
    "timestamp": "2025-10-26T07:00:27.523705+00:00",
    "run_id": "20251026_065026_bbc_somali_0d9d5400",
    "source": "BBC-Somali",
    "duration_seconds": 601.1292028427124,
    "pipeline_type": "web_scraping",
    "urls_discovered": 189,
    "urls_fetched": 9,
    "urls_processed": 9,
    "urls_failed": 1,
    "urls_skipped": 0,
    "urls_deduplicated": 0,
    "files_discovered": 0,
    "files_processed": 0,
    "records_extracted": 0,
    "datasets_opened": 0,
    "records_fetched": 0,
    "records_processed": 0,
    "batches_completed": 0,
    "bytes_downloaded": 0,
    "records_written": 9,
    "http_status_codes": {
      "200": 9
    },
    "filter_reasons": {},
    "error_types": {
      "scrape_failed": 1
    },
    "fetch_durations_ms": [
      1778.2270908355713,
      625.593900680542,
      407.46331214904785,
      1750.471830368042,
      620.1210021972656,
      1020.6241607666016,
      586.3001346588135,
      622.4179267883301,
      598.5610485076904,
      644.1192626953125
    ],
    "process_durations_ms": [],
    "text_lengths": [
      5190,
      11412,
      6457,
      7062,
      3456,
      4502,
      283,
      9928,
      4143
    ],
    "unique_hashes": 0,
    "duplicate_hashes": 0,
    "near_duplicates": 0
  },
  "statistics": {
    "fetch_success_rate": 0.8888888888888888,
    "fetch_failure_rate": 0.1111111111111111,
    "deduplication_rate": 0.0,
    "fetch_duration_stats": {
      "min": 407.46331214904785,
      "max": 1778.2270908355713,
      "mean": 865.3899669647217,
      "median": 624.005913734436,
      "p95": 1778.2270908355713,
      "p99": 1778.2270908355713
    },
    "text_length_stats": {
      "min": 283,
      "max": 11412,
      "mean": 5825.888888888889,
      "median": 5190,
      "total_chars": 52433
    },
    "throughput": {
      "urls_per_second": 0.014971822958258246,
      "bytes_per_second": 0.0,
      "records_per_minute": 0.8983093774954948
    }
  }
}