{
  "snapshot": {
    "timestamp": "2025-10-21T11:36:26.908918+00:00",
    "run_id": "20251021_113613_wikipedia_somali_36fc6f34",
    "source": "Wikipedia-Somali",
    "duration_seconds": 13.768853902816772,
    "pipeline_type": "file_processing",
    "urls_discovered": 0,
    "urls_fetched": 0,
    "urls_processed": 0,
    "urls_failed": 0,
    "urls_skipped": 0,
    "urls_deduplicated": 0,
    "files_discovered": 1,
    "files_processed": 1,
    "records_extracted": 136,
    "datasets_opened": 0,
    "records_fetched": 0,
    "records_processed": 0,
    "batches_completed": 0,
    "bytes_downloaded": 14280506,
    "records_written": 0,
    "http_status_codes": {
      "200": 1
    },
    "filter_reasons": {},
    "error_types": {},
    "fetch_durations_ms": [
      10036
    ],
    "process_durations_ms": [
      3726
    ],
    "text_lengths": [
      38,
      2185,
      2199,
      1937,
      3549,
      48,
      1488,
      33,
      25,
      24,
      1264,
      22,
      24,
      28,
      985,
      19,
      1530,
      1648,
      1881,
      38,
      41,
      34,
      29,
      44,
      2445,
      30,
      24,
      24,
      4204,
      2249,
      889,
      1344,
      49,
      27,
      2235,
      2389,
      28,
      28,
      2953,
      904,
      923,
      28,
      1094,
      898,
      30,
      5059,
      1809,
      4509,
      4503,
      324,
      209,
      389,
      351,
      164,
      195,
      33,
      1020,
      25,
      1271,
      875,
      746,
      511,
      618,
      36,
      4825,
      780,
      853,
      868,
      26,
      29,
      996,
      824,
      1074,
      1527,
      1001,
      32,
      19,
      32,
      32,
      28,
      21,
      27,
      27,
      1573,
      24,
      29,
      4345,
      3194,
      44,
      681,
      780,
      19,
      868,
      32,
      847,
      34,
      46,
      31,
      1262,
      1509,
      26,
      1735,
      3146,
      14032,
      2012,
      1096,
      1904,
      24,
      1840,
      1088,
      36,
      36,
      41,
      34,
      1083,
      26,
      26,
      747,
      2067,
      4837,
      24,
      24,
      1257,
      2910,
      25,
      2572,
      4804,
      147,
      2192,
      1962,
      876,
      33,
      33,
      27,
      35,
      35,
      512,
      1425,
      1380,
      38,
      1852,
      1262,
      1909,
      2355,
      30,
      10022,
      38,
      5188,
      355,
      4934,
      2268,
      2167,
      55,
      55,
      990,
      20,
      33,
      33,
      473,
      19,
      8873,
      495,
      307,
      4851,
      2251,
      45,
      1509,
      1178,
      2517,
      1112,
      1124,
      6681,
      2152,
      244,
      107710,
      405,
      59,
      54,
      3742,
      28,
      21,
      45,
      45,
      46,
      46,
      1840,
      51,
      30,
      30,
      28,
      19,
      48,
      31,
      1408,
      30,
      26,
      22,
      32,
      26,
      28,
      33,
      29,
      29,
      29,
      33,
      31,
      39,
      28,
      33,
      23,
      26,
      23275,
      42,
      1488,
      12901,
      25,
      25,
      1337,
      2014,
      41,
      23,
      45,
      3714,
      35,
      2146,
      48,
      31,
      185,
      306,
      832,
      32,
      1293,
      141,
      1202,
      173,
      264,
      255,
      242,
      130,
      136,
      152,
      252,
      31,
      1305,
      1298,
      46,
      24,
      25,
      2301,
      4854,
      24,
      157,
      1513,
      1236,
      40,
      27,
      27,
      40,
      50,
      87,
      48,
      929,
      2297,
      42,
      3144,
      225,
      1850,
      921,
      25,
      28,
      25,
      25,
      1343,
      45,
      1528,
      45,
      1545,
      26,
      29,
      25,
      1601,
      1419,
      20,
      2195,
      133,
      1363,
      1082,
      1435,
      34,
      31163,
      3160,
      639,
      1196,
      343,
      216,
      24,
      333,
      1703,
      350,
      1485,
      1007,
      33,
      21,
      149,
      21,
      22,
      669,
      1111,
      926,
      1506,
      43,
      37,
      1663,
      39,
      23,
      918,
      901,
      24,
      39,
      5409,
      2233,
      2108,
      23,
      1927,
      1161,
      57626,
      938,
      1050,
      24,
      1279,
      1033,
      292,
      24,
      23,
      1520,
      19,
      23,
      8090,
      42,
      7013,
      5593,
      2868,
      126,
      523,
      44,
      2238,
      1959,
      163,
      1074,
      582,
      34,
      34,
      481,
      6648,
      20,
      25,
      34,
      44,
      528,
      658,
      27,
      750,
      27,
      4516,
      200,
      221,
      3890,
      869,
      475,
      7367,
      22,
      20,
      735,
      34,
      41,
      247,
      26,
      27,
      460,
      434,
      113,
      226,
      24,
      4470,
      175,
      1376,
      191,
      103,
      1005,
      28,
      215,
      4243,
      25,
      25,
      78,
      45,
      25,
      977,
      1730,
      45,
      25,
      152,
      3558,
      25,
      1864,
      23,
      23,
      25,
      29,
      34,
      42,
      25,
      44,
      46,
      32,
      45,
      2044,
      370,
      905,
      1341,
      669,
      521,
      1853,
      2407,
      28,
      2260,
      1919,
      2018,
      3444,
      8052,
      104,
      6568,
      1421,
      6938,
      38,
      46,
      46,
      4768,
      1123,
      3598,
      26,
      47,
      6844,
      23,
      23,
      87,
      87,
      23,
      21283,
      24951,
      34,
      26084,
      1803,
      27431,
      17955,
      190,
      31,
      17,
      730,
      257,
      35247,
      11545,
      3454,
      5722,
      2548,
      11183,
      1936,
      10258,
      2963,
      3746,
      10357,
      3522,
      4277,
      5342,
      13387,
      1783,
      2452,
      13440,
      2083,
      9104,
      24101,
      28,
      3008,
      16232,
      46,
      3813,
      46,
      24640,
      4392,
      3262,
      20478,
      2113,
      4429,
      1240,
      767,
      172,
      14217,
      26783,
      21951,
      7901,
      177,
      6689,
      3858,
      39,
      5370,
      8220,
      6555,
      34672,
      48398,
      1721,
      1807,
      190,
      9870,
      871,
      16398,
      84466,
      5345,
      2689,
      1900,
      3039,
      3325,
      5075,
      4577,
      2051,
      4428,
      6661,
      4481,
      16593,
      28193,
      15768,
      2500,
      6468,
      19322,
      3528,
      3528,
      1814,
      9213,
      12720,
      11033,
      9997,
      16443,
      21842,
      14835,
      10191,
      2196,
      2272,
      2503,
      2231,
      4757,
      31,
      3587,
      2205,
      30,
      3139,
      70848,
      45353,
      4052,
      32,
      7308,
      2217,
      2295,
      197,
      760,
      1870,
      4623,
      12635,
      2079,
      34,
      194,
      25,
      12708,
      122020,
      3489,
      335,
      56570,
      935,
      943,
      15910,
      4919,
      728,
      10844,
      2484,
      132,
      7925,
      8435,
      6100,
      356,
      9125,
      2261,
      176,
      2162,
      10649,
      25,
      5813,
      3136,
      34,
      64,
      30,
      2227,
      2418,
      2299,
      1001,
      28,
      67811,
      2169,
      2759,
      171,
      363,
      5667,
      3425,
      2886,
      2476,
      3123,
      2952,
      3418,
      2859,
      2659,
      3821,
      2558,
      2199,
      2275,
      5574,
      30,
      605,
      1580,
      5574,
      916,
      120,
      5255,
      4189,
      4789,
      2297,
      28,
      31,
      2494,
      62,
      3055,
