{
  "snapshot": {
    "timestamp": "2025-10-21T11:38:37.896751+00:00",
    "run_id": "20251021_113833_sprakbanken_somali_24d6893b",
    "source": "Sprakbanken-Somali",
    "duration_seconds": 3.958630323410034,
    "pipeline_type": "file_processing",
    "urls_discovered": 0,
    "urls_fetched": 0,
    "urls_processed": 0,
    "urls_failed": 0,
    "urls_skipped": 0,
    "urls_deduplicated": 0,
    "files_discovered": 1,
    "files_processed": 1,
    "records_extracted": 5165,
    "datasets_opened": 0,
    "records_fetched": 0,
    "records_processed": 0,
    "batches_completed": 0,
    "bytes_downloaded": 0,
    "records_written": 0,
    "http_status_codes": {},
    "filter_reasons": {},
    "error_types": {},
    "fetch_durations_ms": [],
    "process_durations_ms": [
      496,
      498
    ],
    "text_lengths": [
      100,
      36,
      611,
      147,
      110,
      226,
      7,
      34,
      104,
      72,
      66,
      280,
      61,
      30,
      74,
      224,
      39,
      29,
      24,
      407,
      52,
      78,
      28,
      37,
      66,
      54,
      160,
      50,
      87,
      21,
      72,
      331,
      6,
      90,
      21,
      33,
      78,
      925,
      63,
      172,
      13,
      22,
      127,
      54,
      265,
      26,
      363,
      174,
      529,
      86,
      36,
      22,
      67,
      59,
      92,
      65,
      58,
      54,
      133,
      104,
      99,
      285,
      84,
      18,
      46,
      143,
      232,
      245,
      24,
      120,
      83,
      145,
      88,
      24,
      95,
      32,
      102,
      32,
      163,
      154,
      170,
      180,
      97,
      7,
      38,
      386,
      135,
      220,
      92,
      34,
      221,
      44,
      891,
      47,
      329,
      45,
      209,
      104,
      18,
      64,
      37,
      79,
      95,
      15,
      393,
      36,
      92,
      149,
      11,
      46,
      72,
      332,
      144,
      139,
      51,
      34,
      279,
      463,
      38,
      52,
      72,
      151,
      122,
      172,
      26,
      75,
      162,
      214,
      26,
      229,
      27,
      79,
      162,
      24,
      18,
      141,
      18,
      40,
      82,
      23,
      331,
      75,
      62,
      40,
      64,
      93,
      119,
      68,
      309,
      20,
      318,
      42,
      35,
      85,
      25,
      398,
      87,
      28,
      96,
      30,
      33,
      27,
      619,
      68,
      136,
      37,
      38,
      170,
      29,
      35,
      109,
      254,
      224,
      138,
      95,
      490,
      17,
      43,
      87,
      30,
      76,
      168,
      158,
      114,
      49,
      104,
      53,
      62,
      119,
      96,
      217,
      197,
      121,
      209,
      236,
      24,
      57,
      12,
      91,
      31,
      33,
      38,
      126,
      41,
      239,
      697,
      138,
      62,
      205,
      21,
      27,
      164,
      122,
      802,
      51,
      62,
      36,
      206,
      40,
      152,
      80,
      275,
      170,
      125,
      100,
      37,
      245,
      238,
      29,
      109,
      50,
      57,
      116,
      29,
      25,
      6,
      53,
      136,
      204,
      216,
      84,
      28,
      33,
      40,
      116,
      112,
      699,
      84,
      153,
      8,
      216,
      6,
      96,
      91,
      654,
      158,
      24,
      5,
      56,
      37,
      47,
      83,
      31,
      132,
      58,
      92,
      160,
      14,
      57,
      84,
      90,
      171,
      153,
      95,
      230,
      20,
      83,
      196,
      15,
      349,
      41,
      34,
      249,
      174,
      77,
      205,
      47,
      26,
      199,
      71,
      156,
      26,
      702,
      178,
      253,
      9,
      162,
      47,
      186,
      79,
      253,
      324,
      10,
      453,
      22,
      187,
      26,
      79,
      23,
      416,
      349,
      150,
      218,
      189,
      78,
      78,
      30,
      178,
      35,
      87,
      31,
      36,
      217,
      196,
      74,
      143,
      89,
      33,
      292,
      29,
      96,
      24,
      64,
      66,
      25,
      205,
      24,
      61,
      52,
      33,
      144,
      127,
      30,
      273,
      152,
      83,
      144,
      57,
      22,
      58,
      17,
      11,
      37,
      197,
      99,
      11,
      177,
      168,
      61,
      76,
      233,
      9,
      66,
      88,
      38,
      597,
      34,
      61,
      72,
      104,
      20,
      25,
      227,
      64,
      95,
      76,
      658,
      111,
      45,
      100,
      420,
      50,
      43,
      263,
      53,
      40,
      7,
      39,
      54,
      432,
      592,
      69,
      44,
      363,
      155,
      400,
      730,
      38,
      37,
      58,
      241,
      46,
      62,
      40,
      21,
      64,
      118,
      130,
      44,
      218,
      104,
      132,
      151,
      53,
      167,
      170,
      29,
      240,
      203,
      239,
      207,
      57,
      22,
      91,
      162,
      34,
      70,
      15,
      265,
      15,
      346,
      30,
      159,
      214,
      38,
      276,
      308,
      141,
      150,
      28,
      205,
      297,
      57,
      86,
      59,
      258,
      20,
      130,
      190,
      7,
      118,
      317,
      43,
      229,
      134,
      36,
      27,
      84,
      276,
      652,
      49,
      94,
      31,
      104,
      273,
      110,
      72,
      181,
      1,
      94,
      20,
      39,
      69,
      86,
      305,
      64,
      145,
      167,
      53,
      110,
      36,
      84,
      172,
      63,
      135,
      70,
      100,
      47,
      194,
      271,
      313,
      455,
      49,
      512,
      204,
      99,
      174,
      196,
      236,
      65,
      266,
      23,
      302,
      90,
      31,
      47,
      82,
      80,
      189,
      72,
      21,
      119,
      80,
      78,
      169,
      42,
      558,
      96,
      83,
      300,
      18,
      88,
      192,
      55,
      23,
      124,
      63,
      54,
      196,
      96,
      47,
      70,
      307,
      25,
      137,
      108,
      142,
      11,
      777,
      82,
      53,
      29,
      169,
      40,
      67,
      364,
      73,
      291,
      30,
      117,
      248,
      344,
      57,
      639,
      15,
      28,
      234,
      107,
      32,
      108,
      244,
      87,
      193,
      22,
      86,
      133,
      85,
      188,
      34,
      233,
      47,
      144,
      24,
      217,
      127,
      105,
      125,
      219,
      67,
      161,
      32,
      33,
      46,
      157,
      250,
      23,
      48,
      37,
      19,
      26,
      26,
      51,
      45,
      115,
      207,
      853,
      50,
      59,
      468,
      91,
      57,
      68,
      265,
      367,
      243,
      123,
      36,
      130,
      113,
      49,
      112,
      138,
      196,
      20,
      26,
      287,
      173,
      104,
      38,
      49,
      25,
      57,
      36,
      46,
      364,
      215,
      259,
      166,
      191,
      40,
      149,
      128,
      60,
      112,
      110,
      164,
      85,
      29,
      125,
      4,
      226,
      27,
      43,
      110,
      252,
      253,
      120,
      23,
      36,
      48,
      9,
      43,
      158,
      94,
      54,
      533,
      70,
      51,
      163,
      113,
      33,
      75,
      92,
      223,
      39,
      5,
      297,
      11,
      256,
      367,
      85,
      121,
      26,
      51,
      40,
      33,
      289,
      20,
      66,
      91,
      22,
      97,
      89,
      145,
      106,
      404,
      169,
      59,
