{
  "snapshot": {
    "timestamp": "2025-10-21T11:39:40.586823+00:00",
    "run_id": "20251021_113704_huggingface_somali_c4_so_782790e8",
    "source": "HuggingFace-Somali_c4-so",
    "duration_seconds": 156.0029480457306,
    "pipeline_type": "stream_processing",
    "urls_discovered": 0,
    "urls_fetched": 0,
    "urls_processed": 0,
    "urls_failed": 0,
    "urls_skipped": 0,
    "urls_deduplicated": 0,
    "files_discovered": 0,
    "files_processed": 0,
    "records_extracted": 0,
    "datasets_opened": 1,
    "records_fetched": 50,
    "records_processed": 0,
    "batches_completed": 0,
    "bytes_downloaded": 0,
    "records_written": 0,
    "http_status_codes": {},
    "filter_reasons": {},
    "error_types": {},
    "fetch_durations_ms": [
      0,
      0,
      0,
      0,
      0,
      0,
      0,
      0,
      0,
      0,
      0,
      0,
      0,
      0,
      0,
      0,
      0,
      0,
      0,
      0,
      0,
      0,
      0,
      0,
      0,
      0,
      0,
      0,
      0,
      0,
      0,
      0,
      0,
      0,
      0,
      0,
      0,
      0,
      0,
      0,
      0,
      0,
      0,
      0,
      0,
      0,
      0,
      0,
      0,
      0
    ],
    "process_durations_ms": [],
    "text_lengths": [
      1403,
      7851,
      2042,
      6013,
      111,
      2090,
      6856,
      2897,
      2032,
      15312,
      2003,
      103,
      693,
      658,
      4344,
      2093,
      1697,
      1032,
      668,
      3002,
      3062,
      9770,
      443,
      980,
      2141,
      1213,
      12619,
      2446,
      897,
      2425,
      107236,
      6424,
      2031,
      995,
      47210,
      4805,
      1902,
      3698,
      1103,
      1029,
      2105,
      2257,
      2043,
      583,
      3015,
      6243,
      3063,
      2055,
      1683,
      612
    ],
    "unique_hashes": 0,
    "duplicate_hashes": 0,
    "near_duplicates": 0
  },
  "statistics": {
    "fetch_success_rate": 1.0,
    "fetch_failure_rate": 0.0,
    "deduplication_rate": 0,
    "fetch_duration_stats": {
      "min": 0,
      "max": 0,
      "mean": 0,
      "median": 0.0,
      "p95": 0,
      "p99": 0
    },
    "text_length_stats": {
      "min": 103,
      "max": 107236,
      "mean": 5979.76,
      "median": 2072.5,
      "total_chars": 298988
    },
    "throughput": {
      "urls_per_second": 0.0,
      "bytes_per_second": 0.0,
      "records_per_minute": 0.0
    }
  }
}