{
  "snapshot": {
    "timestamp": "2025-10-21T12:26:44.732842+00:00",
    "run_id": "20251021_113641_bbc_somali_efac82d1",
    "source": "BBC-Somali",
    "duration_seconds": 3003.539592027664,
    "pipeline_type": "web_scraping",
    "urls_discovered": 118,
    "urls_fetched": 49,
    "urls_processed": 49,
    "urls_failed": 1,
    "urls_skipped": 0,
    "urls_deduplicated": 0,
    "files_discovered": 0,
    "files_processed": 0,
    "records_extracted": 0,
    "datasets_opened": 0,
    "records_fetched": 0,
    "records_processed": 0,
    "batches_completed": 0,
    "bytes_downloaded": 0,
    "records_written": 49,
    "http_status_codes": {
      "200": 49
    },
    "filter_reasons": {},
    "error_types": {
      "scrape_failed": 1
    },
    "fetch_durations_ms": [
      2945.580244064331,
      1683.7491989135742,
      669.2869663238525,
      652.0380973815918,
      601.5150547027588,
      598.9251136779785,
      1491.1551475524902,
      736.8650436401367,
      582.6671123504639,
      953.0718326568604,
      568.4702396392822,
      550.368070602417,
      605.0128936767578,
      571.990966796875,
      532.4089527130127,
      573.6360549926758,
      640.6989097595215,
      634.2501640319824,
      524.8749256134033,
      525.0489711761475,
      601.1338233947754,
      585.658073425293,
      614.3009662628174,
      547.1780300140381,
      561.0909461975098,
      660.0749492645264,
      717.8506851196289,
      613.6510372161865,
      619.6167469024658,
      597.7630615234375,
      626.7759799957275,
      423.26879501342773,
      2175.761938095093,
      670.2747344970703,
      613.5179996490479,
      1597.762107849121,
      591.5737152099609,
      657.5908660888672,
      512.0799541473389,
      634.7830295562744,
      400.20298957824707,
      2005.4540634155273,
      603.4479141235352,
      395.0810432434082,
      1796.617031097412,
      646.2738513946533,
      731.4491271972656,
      679.1338920593262,
      689.5239353179932,
      608.9580059051514
    ],
    "process_durations_ms": [],
    "text_lengths": [
      5550,
      5329,
      5598,
      13043,
      6264,
      4000,
      4964,
      7761,
      3678,
      639,
      10846,
      104,
      4159,
      497,
      4154,
      5224,
      6432,
      5139,
      359,
      4473,
      3548,
      5091,
      581,
      11049,
      3638,
      3467,
      10553,
      2962,
      10979,
      3993,
      5139,
      9959,
      4690,
      6244,
      7764,
      4499,
      5133,
      515,
      4253,
      3940,
      3798,
      10846,
      7054,
      1191,
      129,
      571,
      4893,
      2566,
      4465
    ],
    "unique_hashes": 0,
    "duplicate_hashes": 0,
    "near_duplicates": 0
  },
  "statistics": {
    "fetch_success_rate": 0.9795918367346939,
    "fetch_failure_rate": 0.02040816326530612,
    "deduplication_rate": 0.0,
    "fetch_duration_stats": {
      "min": 395.0810432434082,
      "max": 2945.580244064331,
      "mean": 796.3892650604248,
      "median": 613.976001739502,
      "p95": 2005.4540634155273,
      "p99": 2945.580244064331
    },
    "text_length_stats": {
      "min": 104,
      "max": 13043,
      "mean": 4933.122448979592,
      "median": 4499,
      "total_chars": 241723
    },
    "throughput": {
      "urls_per_second": 0.016314084931679063,
      "bytes_per_second": 0.0,
      "records_per_minute": 0.9788450959007438
    }
  }
}